Year,Quarter,Region,Age,Gender,Employment rate of people with mental illness,Employment rate of population ,Indicator value,Mental illness numerator,Mental illness denominator,Population numerator,Population denominator
2006,4,England,16 to 19,Any,27.20%,46.70%,19.50%,22900,84300,1228500,2631800
2006,4,England,20 to 24,Any,29.40%,69.20%,39.80%,40600,138200,2309000,3334800
2006,4,England,25 to 29,Any,33.30%,79.80%,46.50%,38700,116200,2605800,3266900
2006,4,England,30 to 34,Any,30.80%,80%,49.20%,40000,129800,2684800,3356000
2006,4,England,35 to 39,Any,30%,80.80%,50.80%,46400,154800,3098100,3834400
2006,4,England,40 to 44,Any,30.10%,83.40%,53.30%,50900,169000,3260500,3909900
2006,4,England,45 to 49,Any,30.10%,82.90%,52.80%,56400,187200,2880500,3474500
2006,4,England,50 to 54,Any,27.70%,79.70%,52%,53900,194400,2437900,3058300
2006,4,England,55 to 59,Any,20.70%,69.90%,49.20%,42400,205000,2225800,3185200
2006,4,England,60 to 64,Any,13.30%,44.70%,31.40%,20600,154500,1237100,2768400
2006,3,England,16 to 19,Any,22.60%,46.70%,24.10%,20900,92100,1225100,2623800
2006,3,England,20 to 24,Any,36.20%,71%,34.90%,45300,125400,2351200,3311700
2006,3,England,25 to 29,Any,30.90%,79.70%,48.90%,33500,108600,2587300,3244800
2006,3,England,30 to 34,Any,27.40%,79.90%,52.50%,35600,130100,2705300,3386000
2006,3,England,35 to 39,Any,34.50%,80.90%,46.50%,53700,156000,3113600,3846700
2006,3,England,40 to 44,Any,35.40%,83.10%,47.70%,60800,172000,3237300,3897900
2006,3,England,45 to 49,Any,34.30%,83.50%,49.20%,59000,172000,2883200,3453000
2006,3,England,50 to 54,Any,24.90%,79.60%,54.70%,47600,191300,2426400,3049700
2006,3,England,55 to 59,Any,24.50%,70.30%,45.80%,48400,197400,2262700,3219800
2006,3,England,60 to 64,Any,14.10%,44.40%,30.30%,21600,153600,1205400,2716400
2007,4,England,16 to 19,Any,27.90%,45.60%,17.70%,26100,93500,1207200,2647700
2007,4,England,20 to 24,Any,34.80%,69.30%,34.50%,41000,117900,2368600,3419200
2007,4,England,25 to 29,Any,33.60%,79.90%,46.30%,45400,135200,2679000,3354900
2007,4,England,30 to 34,Any,35.10%,81.10%,46%,42200,120100,2647900,3263800
2007,4,England,35 to 39,Any,28.20%,81%,52.80%,50600,179400,3058500,3775000
2007,4,England,40 to 44,Any,32.30%,83%,50.80%,70400,218200,3268900,3937300
2007,4,England,45 to 49,Any,28.70%,83.40%,54.70%,58200,202900,2968100,3559800
2007,4,England,50 to 54,Any,28%,80.80%,52.80%,59400,212500,2509800,3107600
2007,4,England,55 to 59,Any,20%,70.90%,50.90%,44600,223300,2170400,3062500
2007,4,England,60 to 64,Any,12.40%,46.50%,34.10%,21300,171600,1369000,2945600
2007,3,England,16 to 19,Any,27.60%,45.50%,18%,28600,104000,1205200,2648600
2007,3,England,20 to 24,Any,35.20%,70.10%,34.90%,46100,131000,2382500,3401300
2007,3,England,25 to 29,Any,34.10%,80.20%,46.10%,45700,133900,2674300,3333100
2007,3,England,30 to 34,Any,29.50%,80.40%,50.90%,35500,120200,2634900,3277500
2007,3,England,35 to 39,Any,29.60%,80.80%,51.20%,50400,170300,3064700,3793000
2007,3,England,40 to 44,Any,30.30%,83.40%,53.10%,64900,214400,3283100,3937500
2007,3,England,45 to 49,Any,26.30%,82.60%,56.30%,53000,202000,2921400,3538000
2007,3,England,50 to 54,Any,34.40%,80.50%,46.10%,67600,196500,2488200,3090600
2007,3,England,55 to 59,Any,20.60%,69.90%,49.30%,46600,226200,2156700,3087900
2007,3,England,60 to 64,Any,10.40%,45.40%,35.10%,15600,150900,1322800,2912000
2007,2,England,16 to 19,Any,27.10%,41.90%,14.70%,28700,105700,1108000,2646700
2007,2,England,20 to 24,Any,27.40%,67.40%,40%,36100,131700,2278400,3381400
2007,2,England,25 to 29,Any,37.40%,79.70%,42.30%,50000,133900,2639300,3311500
2007,2,England,30 to 34,Any,32.20%,80.40%,48.20%,39400,122500,2650600,3296400
2007,2,England,35 to 39,Any,25.70%,80.90%,55.20%,42200,164200,3081200,3809500
2007,2,England,40 to 44,Any,29.30%,83%,53.70%,58400,199200,3264700,3933500
2007,2,England,45 to 49,Any,27.70%,82.40%,54.70%,54500,196500,2898300,3516400
2007,2,England,50 to 54,Any,32.50%,80.70%,48.20%,63200,194400,2481000,3076400
2007,2,England,55 to 59,Any,19.20%,69.70%,50.40%,43600,226800,2171000,3116400
2007,2,England,60 to 64,Any,12%,45.40%,33.40%,18500,154100,1303400,2872200
2007,1,England,16 to 19,Any,26.40%,42.50%,16.10%,27100,102900,1120900,2639200
2007,1,England,20 to 24,Any,31.60%,67.80%,36.20%,40600,128700,2275100,3358100
2007,1,England,25 to 29,Any,33.10%,79.50%,46.40%,41800,126300,2615900,3289200
2007,1,England,30 to 34,Any,30%,79.80%,49.80%,40500,135100,2655200,3326300
2007,1,England,35 to 39,Any,25.20%,80.30%,55.20%,40400,160300,3070500,3822100
2007,1,England,40 to 44,Any,30.30%,83.40%,53.10%,53700,177300,3269900,3921700
2007,1,England,45 to 49,Any,26.60%,82.30%,55.70%,51700,194600,2875300,3495500
2007,1,England,50 to 54,Any,31%,80.10%,49.10%,59800,193000,2456300,3067400
2007,1,England,55 to 59,Any,22.50%,69.70%,47.20%,47900,213000,2195000,3150900
2007,1,England,60 to 64,Any,12.50%,44.50%,32%,20100,160700,1254000,2820200
2008,4,England,16 to 19,Any,20.80%,43.10%,22.30%,20300,97800,1138100,2640700
2008,4,England,20 to 24,Any,38.20%,67%,28.80%,49600,129900,2323500,3467400
2008,4,England,25 to 29,Any,35.70%,79.10%,43.50%,53600,150400,2714400,3431200
2008,4,England,30 to 34,Any,31.10%,81%,49.90%,37300,119800,2621000,3234300
2008,4,England,35 to 39,Any,30.30%,81.30%,51%,53300,176100,2999800,3691300
2008,4,England,40 to 44,Any,25.40%,82.20%,56.80%,49600,195300,3235700,3934900
2008,4,England,45 to 49,Any,28.40%,83.30%,54.80%,56800,199800,3039300,3650700
2008,4,England,50 to 54,Any,27.80%,80.10%,52.30%,53100,190600,2544000,3174600
2008,4,England,55 to 59,Any,23%,71%,48%,48800,212200,2122800,2989300
2008,4,England,60 to 64,Any,16.90%,46.60%,29.70%,26900,159400,1422700,3051200
2008,3,England,16 to 19,Any,23.90%,45.10%,21.20%,20600,86200,1191300,2643600
2008,3,England,20 to 24,Any,37.90%,68.50%,30.60%,55600,146600,2372900,3463800
2008,3,England,25 to 29,Any,35.40%,79.60%,44.10%,53000,149600,2717100,3415700
2008,3,England,30 to 34,Any,31.20%,80.40%,49.20%,38600,123800,2598400,3233200
2008,3,England,35 to 39,Any,27%,80.80%,53.80%,46600,172800,3001000,3715800
2008,3,England,40 to 44,Any,29.80%,82.80%,53%,61200,205400,3258200,3936400
2008,3,England,45 to 49,Any,30.40%,83.40%,53%,64600,212400,3023700,3626800
2008,3,England,50 to 54,Any,27%,80.30%,53.30%,59200,219400,2535100,3157900
2008,3,England,55 to 59,Any,24.20%,70.70%,46.50%,51300,212400,2119500,2997500
2008,3,England,60 to 64,Any,16.60%,46.40%,29.80%,26100,157000,1409500,3034800
2008,2,England,16 to 19,Any,25.30%,43%,17.60%,22900,90300,1136800,2645900
2008,2,England,20 to 24,Any,37.90%,66.30%,28.40%,53800,141900,2292400,3455400
2008,2,England,25 to 29,Any,38.80%,80.50%,41.70%,56700,146100,2735200,3398200
2008,2,England,30 to 34,Any,32%,80.80%,48.90%,39300,123000,2616600,3236900
2008,2,England,35 to 39,Any,29.20%,81.10%,51.80%,51200,175200,3029700,3738200
2008,2,England,40 to 44,Any,27.20%,82.60%,55.40%,55100,202200,3251200,3937100
2008,2,England,45 to 49,Any,25.30%,83.50%,58.10%,51100,201800,3007900,3603600
2008,2,England,50 to 54,Any,29.10%,80.50%,51.50%,61600,211900,2528800,3141400
2008,2,England,55 to 59,Any,22.90%,71%,48.10%,49200,215200,2138900,3011600
2008,2,England,60 to 64,Any,15%,46.90%,32%,24400,163200,1414000,3012700
2008,1,England,16 to 19,Any,30.80%,44%,13.20%,29500,95800,1164700,2646800
2008,1,England,20 to 24,Any,34.80%,66.90%,32.10%,44400,127400,2299800,3437300
2008,1,England,25 to 29,Any,35.70%,80.20%,44.60%,48300,135300,2709000,3376700
2008,1,England,30 to 34,Any,34.60%,80.90%,46.30%,42600,123200,2628700,3250400
2008,1,England,35 to 39,Any,25.80%,80.70%,54.90%,47500,184200,3031800,3756500
2008,1,England,40 to 44,Any,32.90%,83%,50.20%,65700,199900,3269000,3937300
2008,1,England,45 to 49,Any,27.50%,83.40%,55.90%,62000,225500,2986600,3581600
2008,1,England,50 to 54,Any,30.30%,81%,50.60%,60400,199100,2529200,3124500
2008,1,England,55 to 59,Any,21.40%,70.90%,49.50%,48600,227600,2152700,3037000
2008,1,England,60 to 64,Any,15.20%,46.80%,31.60%,26900,177400,1393300,2979200
2009,4,England,16 to 19,Any,20.20%,37.30%,17.10%,19400,95800,977100,2617600
2009,4,England,20 to 24,Any,30.10%,63%,32.90%,51600,171600,2206200,3504500
2009,4,England,25 to 29,Any,36.80%,77.40%,40.60%,48500,131700,2722300,3517700
2009,4,England,30 to 34,Any,30.90%,79.30%,48.50%,47200,152900,2582500,3256100
2009,4,England,35 to 39,Any,24.70%,79.80%,55.10%,39900,161600,2872300,3597400
2009,4,England,40 to 44,Any,33%,82.50%,49.40%,71700,217100,3224500,3911000
2009,4,England,45 to 49,Any,29.50%,82.30%,52.80%,69700,236200,3077900,3741000
2009,4,England,50 to 54,Any,29.10%,80.30%,51.20%,62300,214400,2603300,3243400
2009,4,England,55 to 59,Any,29.70%,71.10%,41.40%,62700,210900,2102600,2957300
2009,4,England,60 to 64,Any,14.50%,45.10%,30.60%,27000,185800,1397300,3095800
2009,3,England,16 to 19,Any,23.80%,39%,15.20%,23600,99200,1023300,2627200
2009,3,England,20 to 24,Any,30.10%,64.20%,34%,51800,171900,2237100,3487300
2009,3,England,25 to 29,Any,32%,77.60%,45.70%,42600,133200,2707100,3487300
2009,3,England,30 to 34,Any,33.60%,78.20%,44.60%,51200,152500,2538600,3244600
2009,3,England,35 to 39,Any,32.80%,80.30%,47.60%,53300,162900,2907300,3619300
2009,3,England,40 to 44,Any,30.10%,81.30%,51.20%,65400,217300,3189900,3923300
2009,3,England,45 to 49,Any,28.10%,82.60%,54.50%,63900,227400,3073500,3719900
2009,3,England,50 to 54,Any,25.40%,79.80%,54.40%,54800,215800,2572100,3225200
2009,3,England,55 to 59,Any,24.80%,70.90%,46.10%,50400,203400,2100700,2964800
2009,3,England,60 to 64,Any,15.40%,45.90%,30.40%,27500,178300,1417600,3091700
2009,2,England,16 to 19,Any,18.80%,37.70%,18.90%,20600,109900,991900,2634700
2009,2,England,20 to 24,Any,35%,62.60%,27.60%,53300,152200,2176200,3474600
2009,2,England,25 to 29,Any,30.90%,76.90%,46%,45500,147200,2661800,3462000
2009,2,England,30 to 34,Any,25.40%,78.20%,52.90%,36800,145300,2531800,3236600
2009,2,England,35 to 39,Any,31.20%,80.20%,49%,52500,168000,2921200,3642500
2009,2,England,40 to 44,Any,30.70%,81.50%,50.80%,61800,201300,3205500,3932100
2009,2,England,45 to 49,Any,31.60%,82.70%,51.10%,70000,221400,3058000,3698200
2009,2,England,50 to 54,Any,29%,79.90%,50.90%,59400,204900,2562000,3207500
2009,2,England,55 to 59,Any,24.50%,71.30%,46.80%,48200,196600,2120200,2972500
2009,2,England,60 to 64,Any,17.80%,45.50%,27.70%,31200,175300,1403900,3083600
2009,1,England,16 to 19,Any,20.10%,40.20%,20.10%,22800,113300,1059100,2637700
2009,1,England,20 to 24,Any,37.50%,63%,25.50%,54700,145800,2186400,3471000
2009,1,England,25 to 29,Any,34.20%,78.50%,44.30%,51600,150800,2706500,3446500
2009,1,England,30 to 34,Any,29.20%,79.90%,50.80%,37600,128900,2585700,3235400
2009,1,England,35 to 39,Any,32.60%,80.90%,48.30%,60300,185300,2965500,3666900
2009,1,England,40 to 44,Any,29.50%,82.50%,53%,52900,179300,3246400,3933300
2009,1,England,45 to 49,Any,30.40%,82.60%,52.10%,66700,219100,3033500,3674400
2009,1,England,50 to 54,Any,30.50%,80%,49.50%,59200,194300,2551800,3191000
2009,1,England,55 to 59,Any,22.30%,71.20%,48.80%,45800,204900,2121300,2980700
2009,1,England,60 to 64,Any,19%,46.30%,27.20%,31500,165700,1418600,3067400
2010,4,England,16 to 19,Any,19.70%,35.50%,15.80%,24400,123800,913100,2572400
2010,4,England,20 to 24,Any,27.90%,63%,35%,41600,148700,2241400,3560700
2010,4,England,25 to 29,Any,36.30%,78.60%,42.30%,55000,151800,2847500,3624500
2010,4,England,30 to 34,Any,33.40%,80%,46.70%,50400,151000,2652500,3314800
2010,4,England,35 to 39,Any,32%,79.30%,47.30%,64300,201000,2775000,3498900
2010,4,England,40 to 44,Any,31.60%,81.20%,49.60%,74100,234600,3140500,3867600
2010,4,England,45 to 49,Any,38%,82.50%,44.50%,92500,243700,3146100,3813900
2010,4,England,50 to 54,Any,28.80%,79.60%,50.80%,74500,258700,2646700,3325300
2010,4,England,55 to 59,Any,23.20%,71.10%,48%,54800,236500,2095300,2945500
2010,4,England,60 to 64,Any,12.70%,45.20%,32.50%,24100,189900,1402800,3103100
2010,3,England,16 to 19,Any,20.90%,37.60%,16.60%,24600,117500,971400,2585900
2010,3,England,20 to 24,Any,33%,66.10%,33.10%,51500,156000,2346900,3551000
2010,3,England,25 to 29,Any,34.80%,77.60%,42.80%,51400,147400,2795700,3603100
2010,3,England,30 to 34,Any,33.40%,79.70%,46.20%,48300,144500,2625200,3295600
2010,3,England,35 to 39,Any,31.30%,78.80%,47.50%,62700,199900,2780600,3526900
2010,3,England,40 to 44,Any,35.10%,81%,45.90%,84500,241000,3138500,3876300
2010,3,England,45 to 49,Any,35.50%,83%,47.60%,91000,256600,3154700,3799300
2010,3,England,50 to 54,Any,30.40%,80.20%,49.80%,75300,247900,2646200,3301700
2010,3,England,55 to 59,Any,27.30%,71.90%,44.60%,64000,234800,2115100,2942400
2010,3,England,60 to 64,Any,11.90%,45.50%,33.60%,24300,204000,1411600,3104200
2010,2,England,16 to 19,Any,20.60%,35.80%,15.20%,23100,112200,930000,2598300
2010,2,England,20 to 24,Any,31%,61.90%,30.90%,55800,180000,2189100,3538900
2010,2,England,25 to 29,Any,36.30%,77.60%,41.30%,53300,146900,2776800,3578700
2010,2,England,30 to 34,Any,35.30%,79.10%,43.80%,52000,147500,2593100,3279200
2010,2,England,35 to 39,Any,27.90%,79.10%,51.20%,58100,208400,2811100,3552900
2010,2,England,40 to 44,Any,36.20%,81.40%,45.20%,86300,238600,3162700,3886200
2010,2,England,45 to 49,Any,34.20%,82.50%,48.30%,88000,257600,3120100,3782900
2010,2,England,50 to 54,Any,32.70%,80%,47.30%,82400,252200,2623200,3280000
2010,2,England,55 to 59,Any,26.90%,71.20%,44.30%,61300,228000,2095500,2942700
2010,2,England,60 to 64,Any,14.10%,44.80%,30.60%,30500,215600,1388900,3103800
2010,1,England,16 to 19,Any,20.50%,35.40%,14.90%,22100,107800,922500,2608000
2010,1,England,20 to 24,Any,31.80%,60.70%,28.90%,59200,185900,2138200,3521600
2010,1,England,25 to 29,Any,38.20%,76.20%,38%,56300,147400,2705300,3548400
2010,1,England,30 to 34,Any,36%,78.90%,42.90%,54900,152800,2578200,3267700
2010,1,England,35 to 39,Any,29.20%,79%,49.80%,54800,187700,2825300,3575200
2010,1,England,40 to 44,Any,35%,81.70%,46.60%,80500,229700,3184300,3898800
2010,1,England,45 to 49,Any,32.40%,82.20%,49.80%,78600,242200,3092400,3761800
2010,1,England,50 to 54,Any,30.80%,79.80%,49%,71600,232300,2604000,3261600
2010,1,England,55 to 59,Any,31.30%,72%,40.70%,70300,224900,2122600,2949800
2010,1,England,60 to 64,Any,13.30%,45.10%,31.80%,25500,192300,1397100,3099800
2011,4,England,16 to 19,Any,17.60%,34.50%,16.90%,23200,131700,868600,2519500
2011,4,England,20 to 24,Any,30%,62.10%,32.20%,52300,174700,2229300,3588200
2011,4,England,25 to 29,Any,32.30%,76.60%,44.30%,56900,176100,2842400,3712800
2011,4,England,30 to 34,Any,35.80%,79%,43.20%,65900,184100,2679200,3392900
2011,4,England,35 to 39,Any,32.40%,80.20%,47.80%,63500,195900,2717800,3388400
2011,4,England,40 to 44,Any,32.50%,82.10%,49.70%,80000,246400,3140700,3824200
2011,4,England,45 to 49,Any,37.70%,82.40%,44.70%,108700,288400,3182900,3864900
2011,4,England,50 to 54,Any,34.70%,80.90%,46.20%,94900,273100,2765700,3417600
2011,4,England,55 to 59,Any,25.20%,70.20%,45%,69300,275000,2082600,2968600
2011,4,England,60 to 64,Any,18.70%,43.80%,25.20%,43600,233600,1334100,3044700
2011,3,England,16 to 19,Any,17.20%,34.40%,17.20%,19700,115000,870600,2530700
2011,3,England,20 to 24,Any,26.80%,63.50%,36.70%,52200,194500,2274000,3583500
2011,3,England,25 to 29,Any,32.80%,76.60%,43.70%,53200,162100,2823600,3688300
2011,3,England,30 to 34,Any,33.90%,78.60%,44.70%,56200,165900,2649800,3372100
2011,3,England,35 to 39,Any,31.80%,79.80%,47.90%,63300,198700,2724300,3415400
2011,3,England,40 to 44,Any,32.30%,82.30%,49.90%,78400,242600,3157400,3837900
2011,3,England,45 to 49,Any,37.40%,81.80%,44.40%,108100,288800,3151000,3853700
2011,3,England,50 to 54,Any,31.10%,80.60%,49.50%,80300,257900,2735700,3395100
2011,3,England,55 to 59,Any,25.10%,69.50%,44.40%,69700,277400,2057300,2959000
2011,3,England,60 to 64,Any,16.30%,44.90%,28.60%,38400,235600,1382500,3078000
2011,2,England,16 to 19,Any,16.50%,33.10%,16.50%,21900,132700,841100,2545100
2011,2,England,20 to 24,Any,28.40%,62.40%,33.90%,49700,174600,2232400,3579900
2011,2,England,25 to 29,Any,32.70%,77.20%,44.50%,49000,150000,2829800,3667200
2011,2,England,30 to 34,Any,29.90%,79.20%,49.30%,45900,153800,2655900,3353000
2011,2,England,35 to 39,Any,30.20%,79.60%,49.40%,60800,201600,2739100,3443100
2011,2,England,40 to 44,Any,30.60%,81.70%,51.10%,75700,246900,3146600,3850000
2011,2,England,45 to 49,Any,34%,82%,48%,94300,277000,3151600,3842800
2011,2,England,50 to 54,Any,29.40%,79.70%,50.30%,79800,271800,2687600,3372300
2011,2,England,55 to 59,Any,25.30%,70.30%,44.90%,62600,247100,2073400,2951600
2011,2,England,60 to 64,Any,14.20%,45.20%,31%,33100,233300,1401600,3100400
2011,1,England,16 to 19,Any,17.50%,33.50%,16%,21300,121500,856700,2558700
2011,1,England,20 to 24,Any,31.80%,61.40%,29.60%,49200,154900,2190500,3570300
2011,1,England,25 to 29,Any,34.20%,78%,43.80%,50600,147800,2845400,3645900
2011,1,England,30 to 34,Any,34.20%,79.70%,45.50%,49800,145600,2656100,3333900
2011,1,England,35 to 39,Any,30.50%,80.10%,49.50%,60400,197900,2778500,3470900
2011,1,England,40 to 44,Any,31.10%,81.60%,50.50%,76100,244200,3148500,3858700
2011,1,England,45 to 49,Any,34.80%,82%,47.20%,88300,254000,3138500,3828300
2011,1,England,50 to 54,Any,29.60%,79.80%,50.30%,78900,266900,2672900,3348900
2011,1,England,55 to 59,Any,22.90%,70.90%,48%,56800,248000,2091600,2948600
2011,1,England,60 to 64,Any,13.40%,45.20%,31.80%,28500,213100,1400800,3101700
2012,4,England,16 to 19,Any,20.50%,35.10%,14.60%,28100,136800,871800,2482700
2012,4,England,20 to 24,Any,36.40%,63.50%,27.10%,77600,213100,2278300,3589700
2012,4,England,25 to 29,Any,39.10%,77.70%,38.60%,74500,190400,2961200,3809800
2012,4,England,30 to 34,Any,39.30%,80.80%,41.50%,64800,164700,2812800,3480000
2012,4,England,35 to 39,Any,43.60%,81.40%,37.80%,78300,179500,2686400,3300000
2012,4,England,40 to 44,Any,38.80%,82.50%,43.70%,98100,252700,3105300,3763200
2012,4,England,45 to 49,Any,33.20%,83%,49.80%,94500,284700,3229100,3890500
2012,4,England,50 to 54,Any,33.60%,81.80%,48.30%,98600,293800,2868700,3506400
2012,4,England,55 to 59,Any,31.90%,72.20%,40.30%,91600,286800,2177900,3016500
2012,4,England,60 to 64,Any,16.30%,46.20%,29.90%,38200,234400,1352600,2928100
2012,3,England,16 to 19,Any,19.90%,36.40%,16.60%,23700,119300,906500,2488200
2012,3,England,20 to 24,Any,31.90%,64.20%,32.30%,73300,229700,2307500,3595500
2012,3,England,25 to 29,Any,38.80%,76.50%,37.60%,69700,179400,2894700,3786100
2012,3,England,30 to 34,Any,37.60%,80.60%,43%,63900,169900,2785700,3456500
2012,3,England,35 to 39,Any,41%,81.90%,40.90%,72800,177600,2715900,3315400
2012,3,England,40 to 44,Any,37.90%,82.30%,44.50%,93300,246400,3111900,3780900
2012,3,England,45 to 49,Any,36.50%,82.70%,46.20%,106300,291500,3215100,3889800
2012,3,England,50 to 54,Any,34.50%,80.80%,46.40%,104700,303900,2815800,3484600
2012,3,England,55 to 59,Any,29.50%,71.40%,41.80%,87000,294500,2142400,3001300
2012,3,England,60 to 64,Any,15.40%,46.10%,30.70%,34000,220300,1362100,2951800
2012,2,England,16 to 19,Any,19.20%,33.50%,14.30%,20600,107500,835700,2495800
2012,2,England,20 to 24,Any,30.90%,61.50%,30.60%,58800,190200,2213500,3597700
2012,2,England,25 to 29,Any,38.10%,76.50%,38.40%,61200,160500,2879100,3762400
2012,2,England,30 to 34,Any,35.70%,79.70%,44%,63800,178400,2737500,3434000
2012,2,England,35 to 39,Any,36.40%,80.70%,44.40%,67100,184700,2692000,3334400
2012,2,England,40 to 44,Any,36.40%,82.60%,46.20%,84700,232700,3135900,3797100
2012,2,England,45 to 49,Any,35.90%,82.60%,46.70%,110700,308000,3211200,3885900
2012,2,England,50 to 54,Any,30.40%,80.50%,50%,90000,295800,2785700,3462800
2012,2,England,55 to 59,Any,28.10%,71.10%,43%,81200,288900,2123400,2987900
2012,2,England,60 to 64,Any,17%,45.70%,28.70%,37000,217700,1362600,2978600
2012,1,England,16 to 19,Any,18.20%,33.30%,15%,22500,123400,834000,2507600
2012,1,England,20 to 24,Any,25.50%,60.30%,34.80%,53300,208900,2167000,3593000
2012,1,England,25 to 29,Any,34.40%,76.20%,41.80%,57500,167200,2847300,3737600
2012,1,England,30 to 34,Any,34.40%,79.60%,45.20%,63000,183200,2715800,3413400
2012,1,England,35 to 39,Any,38.10%,80.40%,42.40%,73400,192800,2703600,3361400
2012,1,England,40 to 44,Any,33.60%,82.40%,48.80%,83500,248200,3141100,3810700
2012,1,England,45 to 49,Any,35.80%,82.40%,46.60%,104700,292800,3191600,3875300
2012,1,England,50 to 54,Any,33.10%,80.20%,47.10%,95800,289300,2760200,3440300
2012,1,England,55 to 59,Any,25.10%,70.10%,45%,68900,274200,2086600,2978100
2012,1,England,60 to 64,Any,14.50%,44.90%,30.50%,32600,225400,1352900,3011900
2013,4,England,16 to 19,Any,15.80%,33.60%,17.80%,21700,137000,827000,2460000
2013,4,England,20 to 24,Any,34.50%,64.80%,30.40%,76900,222900,2315200,3571300
2013,4,England,25 to 29,Any,39.90%,78.60%,38.70%,93400,233800,3041600,3867500
2013,4,England,30 to 34,Any,51.20%,81.40%,30.20%,104800,204700,2905000,3568800
2013,4,England,35 to 39,Any,44.20%,82.20%,38%,94300,213300,2684500,3267400
2013,4,England,40 to 44,Any,39.70%,82.10%,42.40%,116600,294000,3023900,3683100
2013,4,England,45 to 49,Any,36%,82.30%,46.20%,120600,334700,3204900,3895300
2013,4,England,50 to 54,Any,37.10%,81.70%,44.60%,120100,323900,2943500,3603000
2013,4,England,55 to 59,Any,33.50%,73.60%,40.10%,97200,290500,2270800,3086500
2013,4,England,60 to 64,Any,18.80%,47.60%,28.80%,47700,254000,1363100,2866400
2013,3,England,16 to 19,Any,14.90%,34.60%,19.60%,20800,139200,852300,2465900
2013,3,England,20 to 24,Any,34.10%,64%,29.90%,88300,258900,2287100,3574600
2013,3,England,25 to 29,Any,34.40%,77.70%,43.30%,79200,230600,3002400,3865800
2013,3,England,30 to 34,Any,48%,81.80%,33.80%,96000,199900,2903600,3548300
2013,3,England,35 to 39,Any,45.50%,81.60%,36.10%,94800,208100,2666300,3265600
2013,3,England,40 to 44,Any,41.40%,81.60%,40.20%,125000,302200,3023800,3706500
2013,3,England,45 to 49,Any,37.30%,82.70%,45.40%,113700,304800,3221500,3893500
2013,3,England,50 to 54,Any,36.60%,80.60%,44%,122200,334000,2883300,3575500
2013,3,England,55 to 59,Any,33.70%,73%,39.30%,99000,294200,2236800,3066100
2013,3,England,60 to 64,Any,18.30%,47.30%,29%,44100,241300,1357100,2870100
2013,2,England,16 to 19,Any,14.50%,31.80%,17.30%,18600,128100,787000,2471700
2013,2,England,20 to 24,Any,33.20%,60.10%,26.90%,69300,208400,2152500,3578600
2013,2,England,25 to 29,Any,31.90%,77.20%,45.30%,65900,206400,2979400,3856900
2013,2,England,30 to 34,Any,46.60%,81.40%,34.80%,87000,186900,2869600,3526600
2013,2,England,35 to 39,Any,41.80%,81.70%,39.90%,89400,214000,2671800,3269500
2013,2,England,40 to 44,Any,41.70%,81.70%,40%,114000,273200,3045800,3728100
2013,2,England,45 to 49,Any,34.10%,82.60%,48.50%,100900,295800,3216500,3892300
2013,2,England,50 to 54,Any,36.10%,81.20%,45.10%,121500,336700,2882300,3549700
2013,2,England,55 to 59,Any,29.50%,73.10%,43.60%,81400,276200,2227800,3047400
2013,2,England,60 to 64,Any,16.10%,46.50%,30.50%,38200,237600,1340500,2880600
2013,1,England,16 to 19,Any,16.50%,32%,15.60%,21900,133100,793400,2477200
2013,1,England,20 to 24,Any,35.90%,61.20%,25.30%,74000,206200,2191900,3584200
2013,1,England,25 to 29,Any,38.40%,77.10%,38.80%,69300,180600,2956000,3833200
2013,1,England,30 to 34,Any,34.10%,80.40%,46.20%,54400,159400,2815800,3503400
2013,1,England,35 to 39,Any,43.60%,81.50%,37.90%,82500,189400,2676800,3284700
2013,1,England,40 to 44,Any,39.50%,81.50%,42%,100000,253100,3053400,3745800
2013,1,England,45 to 49,Any,32%,82.70%,50.60%,91500,285600,3217100,3891500
2013,1,England,50 to 54,Any,35.30%,81.50%,46.20%,110700,313700,2875900,3527900
2013,1,England,55 to 59,Any,30.50%,72%,41.50%,84700,277700,2183200,3031900
2013,1,England,60 to 64,Any,14.20%,46%,31.90%,32700,231100,1336600,2904300
2014,1,England,16 to 19,Any,15.70%,32.30%,16.60%,23800,151500,792900,2454200
2014,1,England,20 to 24,Any,34%,63.50%,29.60%,77800,228900,2267400,3568100
2014,1,England,25 to 29,Any,40.80%,79%,38.20%,103400,253400,3056100,3869300
2014,1,England,30 to 34,Any,47.80%,81.90%,34.10%,101800,213100,2939400,3589400
2014,1,England,35 to 39,Any,43.70%,81.80%,38%,90600,207200,2674300,3269400
2014,1,England,40 to 44,Any,43.80%,83.10%,39.30%,126500,288900,3041900,3659300
2014,1,England,45 to 49,Any,44.10%,83.50%,39.40%,145900,330900,3251800,3896600
2014,1,England,50 to 54,Any,34.90%,81.60%,46.70%,110300,315800,2964300,3630700
2014,1,England,55 to 59,Any,29.90%,72.70%,42.70%,92300,308200,2257400,3106900
2014,1,England,60 to 64,Any,18.50%,48.70%,30.20%,45000,243100,1393900,2862600
2006,4,England,All,Any,26.90%,73%,46.10%,412800,1533300,23968000,32820100
2006,3,England,All,Any,28.50%,73.30%,44.80%,426400,1498400,23997600,32749900
2007,4,England,All,Any,27.40%,73.30%,45.90%,459200,1674700,24247300,33073400
2007,3,England,All,Any,27.50%,73.10%,45.60%,453900,1649400,24133800,33019500
2007,2,England,All,Any,26.70%,72.40%,45.80%,434500,1628900,23875800,32960300
2007,1,England,All,Any,26.60%,72.30%,45.70%,423600,1591900,23788200,32890700
2008,4,England,All,Any,27.50%,72.60%,45.10%,449300,1631300,24161300,33265300
2008,3,England,All,Any,28.30%,72.90%,44.60%,476700,1685600,24226600,33225500
2008,2,England,All,Any,27.90%,72.80%,44.90%,465300,1670700,24151500,33181000
2008,1,England,All,Any,28.10%,73%,44.90%,475900,1695500,24164700,33127300
2009,4,England,All,Any,28.10%,71.10%,43%,500000,1778000,23766000,33441900
2009,3,England,All,Any,27.50%,71.20%,43.70%,484500,1761900,23767200,33390700
2009,2,England,All,Any,27.80%,70.90%,43%,479300,1722000,23632400,33344200
2009,1,England,All,Any,28.60%,71.70%,43.10%,483200,1687300,23874700,33304300
2010,4,England,All,Any,28.70%,71%,42.30%,555800,1939700,23860800,33626700
2010,3,England,All,Any,29.60%,71.40%,41.80%,577500,1949400,23985800,33586400
2010,2,England,All,Any,29.70%,70.60%,40.90%,590800,1987100,23690600,33543700
2010,1,England,All,Any,30.20%,70.40%,40.20%,573800,1903100,23570000,33492900
2011,4,England,All,Any,30.20%,70.70%,40.50%,658200,2178900,23843400,33721900
2011,3,England,All,Any,29%,70.70%,41.70%,619400,2138500,23826400,33713700
2011,2,England,All,Any,27.40%,70.50%,43.10%,572800,2088800,23759200,33705600
2011,1,England,All,Any,28.10%,70.60%,42.60%,559700,1993800,23779500,33665800
2012,4,England,All,Any,33.30%,72.10%,38.80%,744300,2237000,24344000,33767100
2012,3,England,All,Any,32.60%,71.90%,39.20%,728600,2232600,24257700,33750100
2012,2,England,All,Any,31.20%,71.10%,39.90%,675100,2164400,23976600,33736700
2012,1,England,All,Any,29.70%,70.60%,40.90%,655300,2205500,23800200,33729200
2013,4,England,All,Any,35.60%,72.60%,37%,893200,2508700,24579600,33869300
2013,3,England,All,Any,35.10%,72.20%,37.10%,883200,2513000,24434300,33831900
2013,2,England,All,Any,33.30%,71.50%,38.20%,786200,2363200,24173200,33801400
2013,1,England,All,Any,32.40%,71.30%,39%,721900,2230000,24100000,33784200
2014,1,England,All,Any,36.10%,72.70%,36.60%,917400,2540900,24639400,33906400
2007,4,England,All,Female,26.30%,67.10%,40.90%,235500,897300,11140600,16598800
2007,4,England,All,Male,28.80%,79.60%,50.80%,223700,777400,13106600,16474500
2007,3,England,All,Female,27.50%,66.80%,39.30%,243500,886800,11072100,16575800
2007,3,England,All,Male,27.60%,79.40%,51.80%,210400,762600,13061700,16443600
2007,2,England,All,Female,27.20%,66.20%,39%,239400,879200,10958000,16550000
2007,2,England,All,Male,26%,78.70%,52.70%,195200,749700,12917800,16410300
2007,1,England,All,Female,26.10%,66.20%,40.10%,224000,857900,10939500,16518400
2007,1,England,All,Male,27.20%,78.50%,51.30%,199600,734000,12848700,16372300
2008,4,England,All,Female,27.20%,66.70%,39.60%,238400,877600,11134300,16682900
2008,4,England,All,Male,28%,78.60%,50.60%,210900,753700,13027000,16582400
2008,3,England,All,Female,28.20%,66.80%,38.70%,253200,899200,11138400,16664500
2008,3,England,All,Male,28.40%,79%,50.60%,223500,786400,13088200,16561000
2008,2,England,All,Female,28.20%,66.80%,38.60%,253400,898100,11117400,16644600
2008,2,England,All,Male,27.40%,78.80%,51.40%,211900,772600,13034100,16536400
2008,1,England,All,Female,26.90%,66.90%,40%,240300,892800,11123600,16621900
2008,1,England,All,Male,29.30%,79%,49.70%,235500,802600,13041100,16505400
2009,4,England,All,Female,28.80%,66.20%,37.40%,275500,955700,11094500,16765100
2009,4,England,All,Male,27.30%,76%,48.70%,224500,822300,12671500,16676800
2009,3,England,All,Female,28.20%,66.20%,38%,268400,950400,11082500,16740800
2009,3,England,All,Male,26.60%,76.20%,49.60%,216100,811500,12684700,16649900
2009,2,England,All,Female,28.80%,65.70%,36.90%,271000,941700,10981400,16719100
2009,2,England,All,Male,26.70%,76.10%,49.40%,208200,780200,12651000,16625200
2009,1,England,All,Female,28.30%,66.10%,37.80%,256200,904700,11039500,16700600
2009,1,England,All,Male,29%,77.30%,48.30%,227000,782600,12835200,16603800
2010,4,England,All,Female,30.10%,65.40%,35.30%,316300,1050100,11022500,16851700
2010,4,England,All,Male,26.90%,76.50%,49.60%,239500,889600,12838200,16775000
2010,3,England,All,Female,30.30%,65.90%,35.60%,323200,1068400,11089300,16833200
2010,3,England,All,Male,28.90%,77%,48.10%,254300,881000,12896500,16753200
2010,2,England,All,Female,30.90%,65.50%,34.60%,338400,1094900,11004400,16813500
2010,2,England,All,Male,28.30%,75.80%,47.50%,252500,892100,12686200,16730200
2010,1,England,All,Female,30.90%,65.60%,34.70%,321700,1039900,11015400,16789100
2010,1,England,All,Male,29.20%,75.20%,46%,252200,863200,12554600,16703700
2011,4,England,All,Female,32.40%,65.60%,33.20%,386200,1193200,11075900,16893600
2011,4,England,All,Male,27.60%,75.90%,48.30%,271900,985700,12767500,16828400
2011,3,England,All,Female,31.70%,65.40%,33.70%,372500,1173800,11044400,16891900
2011,3,England,All,Male,25.60%,76%,50.40%,247000,964700,12781900,16821800
2011,2,England,All,Female,29.30%,65.10%,35.80%,332400,1134900,10996200,16887900
2011,2,England,All,Male,25.20%,75.90%,50.70%,240500,953900,12763000,16817700
2011,1,England,All,Female,30.30%,65.40%,35%,325900,1074100,11028700,16869800
2011,1,England,All,Male,25.40%,75.90%,50.50%,233800,919700,12750800,16796100
2012,4,England,All,Female,34.30%,66.90%,32.70%,424400,1239000,11317000,16908900
2012,4,England,All,Male,32.10%,77.30%,45.20%,319900,998000,13027000,16858100
2012,3,England,All,Female,32.50%,66.50%,33.90%,402300,1237400,11231800,16902500
2012,3,England,All,Male,32.80%,77.30%,44.50%,326200,995200,13026000,16847600
2012,2,England,All,Female,31.10%,65.70%,34.70%,372900,1200600,11103100,16897400
2012,2,England,All,Male,31.40%,76.50%,45.10%,302200,963900,12873600,16839300
2012,1,England,All,Female,31.20%,65.50%,34.30%,382300,1224400,11065700,16895500
2012,1,England,All,Male,27.80%,75.70%,47.80%,272900,981100,12734500,16833700
2013,4,England,All,Female,37%,67.30%,30.30%,526300,1422900,11397100,16942000
2013,4,England,All,Male,33.80%,77.90%,44.10%,366900,1085800,13182400,16927300
2013,3,England,All,Female,35.60%,66.80%,31.30%,502900,1414200,11313800,16931600
2013,3,England,All,Male,34.60%,77.60%,43%,380300,1098800,13120600,16900300
2013,2,England,All,Female,34.70%,66.60%,31.90%,462300,1333500,11271600,16922400
2013,2,England,All,Male,31.50%,76.40%,45%,323900,1029600,12901600,16879000
2013,1,England,All,Female,34.80%,66.50%,31.70%,430800,1237000,11252700,16915800
2013,1,England,All,Male,29.30%,76.20%,46.90%,291100,993000,12847200,16868400
2014,1,England,All,Female,37.10%,67.60%,30.50%,535800,1443900,11457200,16952400
2014,1,England,All,Male,34.80%,77.80%,43%,381600,1097000,13182100,16954000
2006,4,East Midlands ,All,Any,30.80%,74.70%,43.80%,39100,126900,2107500,2822700
2006,4,Eastern ,All,Any,30.70%,75.50%,44.80%,45500,148400,2688000,3559400
2006,4,London ,All,Any,25.90%,68.90%,43%,57600,222700,3578700,5197900
2006,4,Merseyside ,All,Any,13.30%,68%,54.70%,5800,43900,575000,845500
2006,4,North East ,All,Any,18.10%,69%,50.90%,19100,105200,1134000,1644100
2006,4,North West ,All,Any,20.90%,72.20%,51.30%,38700,185100,2563300,3551500
2006,4,South East ,All,Any,36.60%,77.10%,40.50%,76900,210100,4043900,5243000
2006,4,South West ,All,Any,33%,76.20%,43.20%,48100,145700,2450400,3215700
2006,4,West Midlands ,All,Any,23.60%,71.20%,47.70%,38500,163100,2429400,3410500
2006,4,Yorkshire & Humberside ,All,Any,23.80%,72%,48.20%,43400,182400,2397700,3329800
2006,3,East Midlands ,All,Any,29.20%,75.50%,46.20%,35800,122600,2124600,2815800
2006,3,Eastern ,All,Any,31.70%,75.80%,44.10%,43100,136200,2688800,3549400
2006,3,London ,All,Any,25.40%,68.80%,43.30%,57100,224500,3566700,5186000
2006,3,Merseyside ,All,Any,13.30%,66.70%,53.40%,6300,47000,560500,840000
2006,3,North East ,All,Any,25%,69%,44%,26400,105300,1132400,1641600
2006,3,North West ,All,Any,22.90%,73%,50.20%,40500,177400,2595000,3552600
2006,3,South East ,All,Any,38.20%,77.30%,39.10%,80900,211800,4040900,5230700
2006,3,South West ,All,Any,34.70%,76.30%,41.50%,47000,135400,2444400,3205400
2006,3,West Midlands ,All,Any,26.30%,72.10%,45.80%,42000,159900,2455700,3407300
2006,3,Yorkshire & Humberside ,All,Any,26.50%,71.90%,45.40%,47300,178200,2388700,3321000
2007,4,East Midlands ,All,Any,28.80%,73.70%,45%,41500,144400,2098100,2846400
2007,4,Eastern ,All,Any,30.40%,76.30%,45.90%,44200,145500,2745900,3599400
2007,4,London ,All,Any,21.70%,69.30%,47.60%,49600,228900,3633900,5242700
2007,4,Merseyside ,All,Any,16.90%,65.50%,48.60%,10500,62000,549100,838300
2007,4,North East ,All,Any,18.90%,69.90%,51%,21900,116000,1155700,1654300
2007,4,North West ,All,Any,24.80%,72.50%,47.70%,49800,201100,2589600,3572000
2007,4,South East ,All,Any,41.60%,77.40%,35.80%,108100,260200,4092900,5289100
2007,4,South West ,All,Any,31.70%,77.20%,45.50%,50700,160100,2504300,3245100
2007,4,West Midlands ,All,Any,22.70%,71.70%,49%,37100,163300,2453300,3423900
2007,4,Yorkshire & Humberside ,All,Any,23.60%,72.10%,48.50%,45700,193200,2424400,3362200
2007,3,East Midlands ,All,Any,27.10%,74%,46.90%,33800,124800,2102600,2842000
2007,3,Eastern ,All,Any,31.40%,75.40%,44%,46900,149400,2705900,3589300
2007,3,London ,All,Any,20.40%,69.80%,49.40%,47800,234000,3651000,5231400
2007,3,Merseyside ,All,Any,19.30%,63.80%,44.50%,11300,58400,538000,843100
2007,3,North East ,All,Any,21.20%,70%,48.80%,24900,117300,1155600,1651800
2007,3,North West ,All,Any,24.60%,72%,47.40%,47800,194600,2566200,3565700
2007,3,South East ,All,Any,42.60%,77.40%,34.90%,107800,253300,4086200,5278600
2007,3,South West ,All,Any,30.60%,76.60%,46.10%,47300,154800,2484300,3242100
2007,3,West Midlands ,All,Any,23.60%,71.30%,47.70%,40000,169700,2438500,3420300
2007,3,Yorkshire & Humberside ,All,Any,24%,71.70%,47.70%,46500,193200,2405500,3355200
2007,2,East Midlands ,All,Any,26.60%,73.10%,46.40%,36000,135200,2073000,2836700
2007,2,Eastern ,All,Any,31.10%,75%,43.90%,45700,146900,2683500,3579200
2007,2,London ,All,Any,21.60%,68.90%,47.30%,46100,213900,3594800,5220100
2007,2,Merseyside ,All,Any,9.70%,66.40%,56.70%,5300,54600,558700,841500
2007,2,North East ,All,Any,18.20%,69.40%,51.20%,21200,116700,1144200,1649200
2007,2,North West ,All,Any,20.90%,71.60%,50.70%,40800,195400,2552800,3564400
2007,2,South East ,All,Any,38.60%,76.70%,38.10%,88900,230100,4040800,5267700
2007,2,South West ,All,Any,35.80%,75.60%,39.80%,65900,184200,2446500,3236800
2007,2,West Midlands ,All,Any,26.30%,70.50%,44.30%,44400,169100,2410400,3417000
2007,2,Yorkshire & Humberside ,All,Any,21.90%,70.80%,48.90%,40100,182900,2371300,3347700
2007,1,East Midlands ,All,Any,27.20%,73.50%,46.30%,36600,134700,2078700,2829700
2007,1,Eastern ,All,Any,33.50%,75.30%,41.90%,49800,148900,2687800,3569300
2007,1,London ,All,Any,24.40%,69.20%,44.80%,53000,217400,3605400,5209100
2007,1,Merseyside ,All,Any,18%,67%,49%,9900,54800,566200,845600
2007,1,North East ,All,Any,15.90%,68.90%,53%,17000,106900,1134300,1646700
2007,1,North West ,All,Any,20.60%,71.20%,50.60%,38700,187900,2531500,3556000
2007,1,South East ,All,Any,34.30%,76.10%,41.80%,77400,225600,3998500,5255400
2007,1,South West ,All,Any,35.60%,75.60%,39.90%,58400,163900,2437700,3226300
2007,1,West Midlands ,All,Any,26%,70.30%,44.30%,43600,167900,2398800,3413700
2007,1,Yorkshire & Humberside ,All,Any,21.30%,70.40%,49%,39200,183800,2349300,3338900
2008,4,East Midlands ,All,Any,33.30%,74.20%,40.90%,44300,133000,2120900,2858700
2008,4,Eastern ,All,Any,31.40%,75.80%,44.40%,46400,148100,2752700,3632100
2008,4,London ,All,Any,23.70%,70.40%,46.70%,50500,213300,3723000,5290300
2008,4,Merseyside ,All,Any,19.40%,64.90%,45.50%,12400,64000,561600,866000
2008,4,North East ,All,Any,19.90%,68.30%,48.40%,25100,126100,1136100,1664700
2008,4,North West ,All,Any,23.40%,70.60%,47.30%,43100,184300,2509900,3553100
2008,4,South East ,All,Any,34.30%,76.70%,42.40%,77700,226600,4085000,5325000
2008,4,South West ,All,Any,32%,76.10%,44.10%,55000,171800,2476100,3252000
2008,4,West Midlands ,All,Any,24.60%,70%,45.40%,43800,177900,2403700,3433500
2008,4,Yorkshire & Humberside ,All,Any,27.40%,70.60%,43.20%,51000,186300,2392300,3389900
2008,3,East Midlands ,All,Any,32.40%,74.20%,41.90%,45200,139500,2121200,2857500
2008,3,Eastern ,All,Any,32.90%,75.50%,42.60%,49600,150700,2737600,3626700
2008,3,London ,All,Any,20.20%,70.10%,49.90%,43500,215400,3701700,5277500
2008,3,Merseyside ,All,Any,16.80%,64.70%,47.90%,10600,63200,560000,865200
2008,3,North East ,All,Any,22.30%,68.50%,46.20%,30400,136600,1137800,1661900
2008,3,North West ,All,Any,22.90%,71%,48.10%,44800,195900,2519800,3551000
2008,3,South East ,All,Any,36.80%,77.40%,40.60%,92800,252400,4113400,5317700
2008,3,South West ,All,Any,36.90%,76.90%,39.90%,63500,171900,2499400,3251900
2008,3,West Midlands ,All,Any,25.60%,70.10%,44.40%,46400,180900,2404800,3432800
2008,3,Yorkshire & Humberside ,All,Any,27.90%,71.90%,44%,49900,179100,2430900,3383200
2008,2,East Midlands ,All,Any,30.50%,72.80%,42.30%,41000,134400,2078000,2855300
2008,2,Eastern ,All,Any,30.50%,75.40%,44.90%,44900,147300,2727600,3619800
2008,2,London ,All,Any,18%,70.70%,52.80%,39800,221300,3724600,5265000
2008,2,Merseyside ,All,Any,17.20%,64.40%,47.20%,11100,64200,552700,858100
2008,2,North East ,All,Any,19.30%,68.10%,48.80%,23800,123100,1129500,1659300
2008,2,North West ,All,Any,22.70%,71.30%,48.70%,41000,180800,2536600,3555600
2008,2,South East ,All,Any,40.90%,77.50%,36.50%,105900,258800,4112500,5309700
2008,2,South West ,All,Any,33.80%,76.20%,42.40%,59300,175200,2477000,3250800
2008,2,West Midlands ,All,Any,27%,70.40%,43.40%,47600,176800,2413700,3431000
2008,2,Yorkshire & Humberside ,All,Any,27.10%,71.10%,44%,51100,188800,2399200,3376300
2008,1,East Midlands ,All,Any,32.20%,73.80%,41.60%,45900,142800,2103200,2850800
2008,1,Eastern ,All,Any,30.60%,75.50%,44.80%,43600,142400,2723900,3609700
2008,1,London ,All,Any,22.10%,70.40%,48.30%,51400,232600,3700900,5254200
2008,1,Merseyside ,All,Any,14.40%,63.20%,48.90%,8300,58100,533700,844000
2008,1,North East ,All,Any,19.80%,68.20%,48.40%,23000,116600,1129500,1656800
2008,1,North West ,All,Any,24%,71.50%,47.50%,49700,207100,2550800,3568000
2008,1,South East ,All,Any,41.30%,77.20%,35.90%,105800,256400,4091000,5299300
2008,1,South West ,All,Any,32.40%,76.40%,44%,59000,181700,2482100,3247900
2008,1,West Midlands ,All,Any,25.70%,71.20%,45.50%,42500,165600,2439000,3427400
2008,1,Yorkshire & Humberside ,All,Any,24.20%,71.60%,47.40%,46500,192200,2410600,3369200
2009,4,East Midlands ,All,Any,32.90%,72.60%,39.70%,47300,143700,2080300,2864000
2009,4,Eastern ,All,Any,31.50%,74.10%,42.60%,49700,158000,2702800,3649300
2009,4,London ,All,Any,27.10%,68.20%,41.20%,63400,234400,3662000,5368400
2009,4,Merseyside ,All,Any,18%,64.10%,46.10%,12500,69400,556300,867600
2009,4,North East ,All,Any,25.40%,67.30%,41.90%,30500,120000,1125700,1672900
2009,4,North West ,All,Any,22%,69.60%,47.60%,50300,228800,2480300,3562100
2009,4,South East ,All,Any,37.50%,75.30%,37.80%,93700,250000,4029800,5352300
2009,4,South West ,All,Any,28%,73.50%,45.50%,49600,177000,2394900,3256600
2009,4,West Midlands ,All,Any,26.30%,69.20%,42.90%,49500,188400,2377200,3436100
2009,4,Yorkshire & Humberside ,All,Any,25.70%,69.10%,43.40%,53500,208300,2356800,3412700
2009,3,East Midlands ,All,Any,29.10%,73.20%,44.20%,42700,147000,2096100,2862400
2009,3,Eastern ,All,Any,33.20%,75.10%,41.90%,51500,155400,2737000,3646400
2009,3,London ,All,Any,23.60%,68.10%,44.50%,53200,225500,3634000,5339500
2009,3,Merseyside ,All,Any,14.10%,65%,50.80%,10700,75500,568600,875400
2009,3,North East ,All,Any,22.90%,66.30%,43.50%,29600,129600,1109000,1671800
2009,3,North West ,All,Any,22.10%,69.70%,47.60%,47300,214400,2473800,3551700
2009,3,South East ,All,Any,34.50%,75.30%,40.80%,84900,246000,4023800,5345900
2009,3,South West ,All,Any,33.10%,73.80%,40.70%,57300,173000,2401900,3254000
2009,3,West Midlands ,All,Any,29.80%,68.40%,38.60%,58200,195300,2349300,3435400
2009,3,Yorkshire & Humberside ,All,Any,24.50%,69.70%,45.20%,49000,200200,2373800,3408300
2009,2,East Midlands ,All,Any,27.20%,72.40%,45.20%,39400,145000,2072400,2861000
2009,2,Eastern ,All,Any,32.60%,74.70%,42.10%,45400,139400,2720100,3642700
2009,2,London ,All,Any,22.70%,67.90%,45.20%,49400,217400,3608600,5315800
2009,2,Merseyside ,All,Any,16.30%,66.90%,50.60%,10900,67000,587500,878000
2009,2,North East ,All,Any,24.80%,64.70%,40%,33700,136000,1081300,1670100
2009,2,North West ,All,Any,23.90%,69.50%,45.60%,52800,220800,2464900,3547000
2009,2,South East ,All,Any,37.20%,75.20%,37.90%,90400,242800,4013500,5339300
2009,2,South West ,All,Any,30.40%,74%,43.60%,50100,164800,2407800,3252500
2009,2,West Midlands ,All,Any,28.80%,68.10%,39.40%,57700,200600,2339500,3434700
2009,2,Yorkshire & Humberside ,All,Any,26.30%,68.70%,42.40%,49500,188200,2336800,3403100
2009,1,East Midlands ,All,Any,32.10%,72.90%,40.80%,41800,130200,2084200,2859800
2009,1,Eastern ,All,Any,33.80%,75.50%,41.80%,48800,144600,2746700,3637300
2009,1,London ,All,Any,23.20%,69.40%,46.20%,52900,227500,3681500,5303100
2009,1,Merseyside ,All,Any,17.20%,65.60%,48.30%,10300,60000,572400,873100
2009,1,North East ,All,Any,24.80%,67.30%,42.60%,32400,130600,1122800,1667400
2009,1,North West ,All,Any,22.80%,70.20%,47.40%,46800,204900,2492400,3548700
2009,1,South East ,All,Any,34.30%,75.70%,41.50%,79000,230400,4038300,5332300
2009,1,South West ,All,Any,35.80%,75.40%,39.60%,63100,176500,2451100,3252200
2009,1,West Midlands ,All,Any,27%,68.20%,41.20%,52000,192900,2342500,3434100
2009,1,Yorkshire & Humberside ,All,Any,29.60%,69%,39.40%,56100,189700,2342900,3396400
2010,4,East Midlands ,All,Any,31.20%,71%,39.80%,46400,148500,2039400,2871400
2010,4,Eastern ,All,Any,33.50%,74.20%,40.70%,62700,186900,2719900,3663800
2010,4,London ,All,Any,30%,68.90%,38.90%,77600,258600,3766200,5466400
2010,4,Merseyside ,All,Any,18.20%,64.70%,46.60%,10600,58400,552500,853500
2010,4,North East ,All,Any,20.60%,65.90%,45.30%,26600,129000,1104600,1676400
2010,4,North West ,All,Any,25.10%,70.40%,45.20%,61300,243900,2519600,3581400
2010,4,South East ,All,Any,37.60%,75.20%,37.60%,109300,290600,4045200,5378500
2010,4,South West ,All,Any,28.20%,74.20%,46%,50300,178400,2424600,3267200
2010,4,West Midlands ,All,Any,25.10%,68.20%,43.10%,53800,214200,2347500,3440200
2010,4,Yorkshire & Humberside ,All,Any,24.70%,68.30%,43.60%,57200,231200,2341200,3428000
2010,3,East Midlands ,All,Any,31.10%,71.10%,40%,50500,162100,2040200,2869000
2010,3,Eastern ,All,Any,30.80%,74.20%,43.40%,55800,181400,2713400,3659200
2010,3,London ,All,Any,29.80%,69%,39.30%,75600,254100,3759500,5448100
2010,3,Merseyside ,All,Any,22.20%,64.40%,42.30%,13700,61800,553300,858800
2010,3,North East ,All,Any,22.90%,68.40%,45.60%,28500,124800,1146800,1675900
2010,3,North West ,All,Any,26.60%,70.60%,43.90%,68300,256600,2522800,3575900
2010,3,South East ,All,Any,38.80%,75.60%,36.80%,115000,296700,4058400,5371800
2010,3,South West ,All,Any,29.60%,74.90%,45.30%,54100,182500,2445900,3264200
2010,3,West Midlands ,All,Any,28.20%,69.40%,41.30%,56200,199400,2387900,3438900
2010,3,Yorkshire & Humberside ,All,Any,26%,68.80%,42.80%,59900,230100,2357500,3424600
2010,2,East Midlands ,All,Any,28.40%,70.20%,41.80%,47800,168200,2013700,2867100
2010,2,Eastern ,All,Any,33.30%,73.10%,39.90%,59100,177700,2672000,3655200
2010,2,London ,All,Any,29%,68%,39%,80000,275600,3692400,5426500
2010,2,Merseyside ,All,Any,19.70%,64.40%,44.70%,12400,62800,558600,867200
2010,2,North East ,All,Any,23.80%,67.10%,43.20%,30400,127400,1123300,1675200
2010,2,North West ,All,Any,26.30%,70.20%,43.90%,63500,241700,2502100,3566800
2010,2,South East ,All,Any,39.10%,74.30%,35.20%,115600,295700,3985800,5365100
2010,2,South West ,All,Any,30.60%,73.50%,42.80%,59500,194400,2396100,3261400
2010,2,West Midlands ,All,Any,26.60%,69%,42.40%,56700,213000,2372700,3438000
2010,2,Yorkshire & Humberside ,All,Any,28.50%,69.40%,40.90%,65800,230500,2373900,3421300
2010,1,East Midlands ,All,Any,31.60%,70.60%,39%,48300,152800,2022800,2865500
2010,1,Eastern ,All,Any,31.70%,73.20%,41.60%,50900,160700,2674500,3652100
2010,1,London ,All,Any,30%,67.90%,37.90%,79400,264600,3663800,5397600
2010,1,Merseyside ,All,Any,21.60%,64.90%,43.20%,15000,69400,565300,871400
2010,1,North East ,All,Any,25.20%,66.40%,41.20%,33300,132200,1110800,1674100
2010,1,North West ,All,Any,24.60%,69.50%,44.90%,56800,231100,2472200,3558100
2010,1,South East ,All,Any,41%,74.60%,33.60%,110300,269300,3997000,5358800
2010,1,South West ,All,Any,30.50%,72.80%,42.30%,57100,187200,2371600,3258900
2010,1,West Midlands ,All,Any,26.90%,68.60%,41.60%,56100,208400,2357500,3439400
2010,1,Yorkshire & Humberside ,All,Any,29.20%,68.30%,39.10%,66400,227300,2334500,3416900
2011,4,East Midlands ,All,Any,33%,71.40%,38.40%,59000,178800,2056500,2878600
2011,4,Eastern ,All,Any,40.70%,74.90%,34.20%,90900,223500,2776300,3709000
2011,4,London ,All,Any,24.10%,67.50%,43.40%,67400,279400,3651200,5407600
2011,4,Merseyside ,All,Any,21.20%,64%,42.90%,17500,82700,552000,862200
2011,4,North East ,All,Any,21.60%,66.60%,45%,28600,132300,1128100,1693600
2011,4,North West ,All,Any,22.90%,70.10%,47.20%,55000,240300,2512600,3584200
2011,4,South East ,All,Any,37.50%,74.40%,36.90%,124500,332300,4028000,5415300
2011,4,South West ,All,Any,35.40%,74.30%,38.90%,76400,215700,2437300,3280400
2011,4,West Midlands ,All,Any,28.60%,68.40%,39.70%,68300,238600,2349900,3438200
2011,4,Yorkshire & Humberside ,All,Any,27.70%,68.10%,40.40%,70700,255500,2351500,3452800
2011,3,East Midlands ,All,Any,34.70%,72.20%,37.50%,58100,167500,2077900,2879500
2011,3,Eastern ,All,Any,35.90%,74.30%,38.40%,73400,204400,2752200,3705800
2011,3,London ,All,Any,24.20%,67.80%,43.60%,64700,267200,3663700,5400400
2011,3,Merseyside ,All,Any,23.90%,66.10%,42.20%,18000,75500,565400,855700
2011,3,North East ,All,Any,19.20%,65.50%,46.30%,26900,140200,1109600,1693700
2011,3,North West ,All,Any,25.40%,69.60%,44.30%,66400,261900,2502800,3593900
2011,3,South East ,All,Any,36.10%,74.50%,38.40%,116200,321700,4031700,5412600
2011,3,South West ,All,Any,34.70%,74.20%,39.50%,71900,207400,2433900,3280900
2011,3,West Midlands ,All,Any,26.80%,68%,41.30%,65600,245000,2340400,3439700
2011,3,Yorkshire & Humberside ,All,Any,23.50%,68.10%,44.60%,58200,247800,2348700,3451600
2011,2,East Midlands ,All,Any,35.70%,71.70%,36%,58700,164300,2062400,2876000
2011,2,Eastern ,All,Any,37%,74.60%,37.70%,72600,196600,2741600,3673200
2011,2,London ,All,Any,23.50%,68.10%,44.60%,61700,262500,3745400,5502400
2011,2,Merseyside ,All,Any,19.40%,66%,46.60%,13700,70400,572100,866400
2011,2,North East ,All,Any,19.60%,66%,46.40%,26000,132800,1106200,1677200
2011,2,North West ,All,Any,23.80%,69%,45.20%,62700,264200,2461400,3568700
2011,2,South East ,All,Any,33.20%,74.70%,41.50%,101100,304400,4025400,5391700
2011,2,South West ,All,Any,28.90%,72.60%,43.70%,58300,201500,2374800,3273100
2011,2,West Midlands ,All,Any,23.70%,67.90%,44.10%,56600,238600,2335800,3442400
2011,2,Yorkshire & Humberside ,All,Any,24.20%,68%,43.80%,61400,253600,2334100,3434400
2011,1,East Midlands ,All,Any,35.90%,71.50%,35.60%,55000,153100,2055500,2873700
2011,1,Eastern ,All,Any,36.50%,74.40%,37.90%,64700,177400,2730500,3668600
2011,1,London ,All,Any,25.90%,68.90%,42.90%,70800,272900,3777400,5484400
2011,1,Merseyside ,All,Any,17.40%,65.30%,47.90%,11000,63200,555600,850700
2011,1,North East ,All,Any,19.50%,65.10%,45.60%,25000,128100,1092200,1676800
2011,1,North West ,All,Any,24.70%,69.40%,44.70%,62500,253200,2486600,3584300
2011,1,South East ,All,Any,35.30%,74.70%,39.40%,102900,291800,4022400,5385000
2011,1,South West ,All,Any,31.90%,73%,41.10%,59400,185900,2387700,3270100
2011,1,West Midlands ,All,Any,19.90%,67.60%,47.70%,44400,222900,2327100,3441100
2011,1,Yorkshire & Humberside ,All,Any,26.10%,68.30%,42.30%,63900,245200,2344400,3431200
2012,4,East Midlands,All,Any,32.70%,71.50%,38.80%,66700,204100,2057700,2876700
2012,4,Eastern,All,Any,39.20%,75%,35.80%,77000,196300,2792200,3723600
2012,4,London,All,Any,30.70%,70.40%,39.60%,85500,278300,3826200,5438800
2012,4,Merseyside,All,Any,24.90%,69.40%,44.50%,17000,68300,593300,854900
2012,4,North East,All,Any,25.10%,68%,42.90%,42500,169400,1152200,1694800
2012,4,North West,All,Any,24.10%,70.10%,46%,65400,271300,2510600,3581500
2012,4,South East,All,Any,42.70%,75.10%,32.50%,140700,329800,4079300,5428700
2012,4,South West,All,Any,37.90%,75.20%,37.20%,91000,239700,2465500,3280500
2012,4,West Midlands,All,Any,33.80%,71.10%,37.40%,73100,216500,2439600,3429900
2012,4,Yorkshire & Humberside,All,Any,32.50%,70.20%,37.70%,85600,263400,2427500,3457700
2012,3,East Midlands ,All,Any,28.40%,71.90%,43.50%,59700,210500,2067100,2876700
2012,3,Eastern ,All,Any,41.90%,74.80%,32.90%,84800,202500,2780600,3719100
2012,3,London ,All,Any,29.30%,69.70%,40.40%,81200,276800,3786900,5430200
2012,3,Merseyside ,All,Any,16.70%,66.90%,50.20%,12200,73600,579500,866300
2012,3,North East ,All,Any,24.80%,68.50%,43.70%,37000,149600,1159900,1694100
2012,3,North West ,All,Any,29%,70.90%,41.90%,77900,268600,2531300,3571900
2012,3,South East ,All,Any,42%,74.90%,32.90%,144800,345200,4062300,5424400
2012,3,South West ,All,Any,35.40%,75%,39.50%,79300,223700,2459200,3279800
2012,3,West Midlands ,All,Any,31.30%,70.10%,38.80%,68700,219600,2405400,3431500
2012,3,Yorkshire & Humberside ,All,Any,31.60%,70.20%,38.60%,82900,262700,2425500,3456000
2012,2,East Midlands ,All,Any,26.90%,71.20%,44.40%,55400,206200,2049100,2877100
2012,2,Eastern ,All,Any,44%,74.70%,30.80%,86300,196300,2775800,3715100
2012,2,London ,All,Any,27.70%,68.80%,41.10%,75700,273900,3728600,5422100
2012,2,Merseyside ,All,Any,14.30%,67.20%,52.90%,10300,72100,583100,867800
2012,2,North East ,All,Any,22.10%,66.20%,44.10%,29700,134300,1121400,1693800
2012,2,North West ,All,Any,28.80%,70.20%,41.50%,71200,247700,2509300,3572600
2012,2,South East ,All,Any,38.80%,74.40%,35.60%,130500,336100,4032900,5420600
2012,2,South West ,All,Any,34.70%,73.90%,39.20%,74500,214500,2424500,3279600
2012,2,West Midlands ,All,Any,28.20%,68.60%,40.40%,62500,221500,2354700,3433400
2012,2,Yorkshire & Humberside ,All,Any,30.20%,69.40%,39.20%,79100,262000,2397200,3454700
2012,1,East Midlands ,All,Any,29.50%,71.90%,42.40%,55700,189000,2068500,2877800
2012,1,Eastern ,All,Any,41.90%,74.80%,32.90%,93000,221900,2776100,3711900
2012,1,London ,All,Any,21.50%,67.40%,45.80%,58400,271500,3647500,5414900
2012,1,Merseyside ,All,Any,16.40%,64.50%,48.10%,12800,78200,558700,866100
2012,1,North East ,All,Any,23.70%,66.60%,42.80%,33000,139000,1127200,1693700
2012,1,North West ,All,Any,24.70%,68.60%,44%,63900,259100,2455300,3577400
2012,1,South East ,All,Any,40.20%,74.80%,34.60%,140000,348200,4051100,5418000
2012,1,South West ,All,Any,29.70%,72.70%,42.90%,64700,217700,2384000,3280100
2012,1,West Midlands ,All,Any,26.90%,68.70%,41.80%,59400,221200,2360300,3435800
2012,1,Yorkshire & Humberside ,All,Any,28.60%,68.70%,40.10%,74200,259800,2371400,3453600
2013,4,East Midlands,All,Any,38.70%,72.80%,34%,86800,224300,2096300,2881400
2013,4,Eastern,All,Any,39%,75.90%,36.80%,100300,256800,2838600,3741300
2013,4,London,All,Any,31.30%,71.50%,40.20%,86400,276600,3909700,5468800
2013,4,Merseyside,All,Any,21.30%,66.80%,45.50%,18100,84900,570000,853500
2013,4,North East,All,Any,33.20%,67.90%,34.70%,59600,179400,1154200,1699100
2013,4,North West,All,Any,29.10%,69.50%,40.40%,95100,327200,2493000,3586700
2013,4,South East,All,Any,45%,76.80%,31.80%,168800,375000,4184100,5449500
2013,4,South West,All,Any,39.50%,75.20%,35.60%,105600,267300,2471500,3288400
2013,4,West Midlands,All,Any,31.80%,69.70%,37.90%,73900,232200,2392800,3432800
2013,4,Yorkshire & Humberside,All,Any,34.60%,71.20%,36.60%,98600,285000,2469400,3467700
2013,3,East Midlands,All,Any,36.10%,73%,36.90%,78600,217900,2101300,2878400
2013,3,Eastern,All,Any,41.60%,75.70%,34%,109500,263000,2827300,3736800
2013,3,London,All,Any,30.60%,70.60%,40%,85500,279000,3858700,5462800
2013,3,Merseyside,All,Any,21.80%,65.60%,43.80%,17600,80600,558300,851100
2013,3,North East,All,Any,29%,68%,39%,50000,172500,1154000,1697300
2013,3,North West,All,Any,29.70%,69.40%,39.70%,93500,314600,2489100,3584300
2013,3,South East,All,Any,43%,76.50%,33.60%,161400,375800,4164800,5443300
2013,3,South West,All,Any,40.10%,75%,34.90%,107200,267500,2464200,3284600
2013,3,West Midlands,All,Any,31.50%,68.60%,37.10%,77000,244500,2351700,3428900
2013,3,Yorkshire & Humberside,All,Any,34.60%,71.20%,36.60%,102900,297600,2465000,3464200
2013,2,East Midlands,All,Any,32%,70.90%,38.90%,69800,218100,2040400,2876500
2013,2,Eastern,All,Any,40.80%,75.50%,34.70%,88800,217900,2818800,3732500
2013,2,London,All,Any,28.80%,69.90%,41.10%,75400,262000,3812800,5456000
2013,2,Merseyside,All,Any,22.40%,69.50%,47%,15200,67600,586700,844400
2013,2,North East,All,Any,29%,66.10%,37%,47000,161900,1120200,1695800
2013,2,North West,All,Any,28%,69%,41%,86000,307300,2476100,3588600
2013,2,South East,All,Any,40.90%,75.60%,34.70%,144500,353400,4108600,5437500
2013,2,South West,All,Any,34.30%,73.70%,39.40%,94400,274900,2419900,3281800
2013,2,West Midlands,All,Any,32.20%,68.80%,36.70%,72200,224300,2359400,3427000
2013,2,Yorkshire & Humberside,All,Any,33.70%,70.20%,36.50%,93000,275800,2430200,3461300
2013,1,East Midlands,All,Any,33.30%,70.50%,37.20%,69100,207500,2027600,2876500
2013,1,Eastern,All,Any,38.10%,74.50%,36.50%,72700,191000,2778400,3728000
2013,1,London,All,Any,29.20%,70.30%,41.10%,76900,263100,3828300,5447500
2013,1,Merseyside,All,Any,25.80%,68.40%,42.60%,15000,58300,572400,837000
2013,1,North East,All,Any,27.50%,66.20%,38.80%,49700,181100,1122600,1695400
2013,1,North West,All,Any,24.50%,68.80%,44.30%,71500,291700,2475500,3597600
2013,1,South East,All,Any,39.50%,74.50%,35.10%,128400,325500,4047800,5433100
2013,1,South West,All,Any,37.20%,74%,36.80%,95900,258200,2426900,3281200
2013,1,West Midlands,All,Any,31.50%,69.70%,38.20%,65200,206800,2388800,3428500
2013,1,Yorkshire & Humberside,All,Any,31.40%,70.30%,38.90%,77400,246900,2431800,3459500
2014,1,East Midlands,All,Any,36.80%,72.70%,35.90%,87700,238700,2096300,2884500
2014,1,Eastern,All,Any,39.60%,76.10%,36.40%,102200,257700,2850100,3745800
2014,1,London,All,Any,32.90%,71.70%,38.80%,90300,275000,3925600,5474700
2014,1,Merseyside,All,Any,17.70%,68.10%,50.40%,17000,96100,580200,852200
2014,1,North East,All,Any,33.50%,68.90%,35.40%,55700,166000,1172800,1701000
2014,1,North West,All,Any,28.30%,69.70%,41.50%,92100,325700,2505500,3592700
2014,1,South East,All,Any,44.60%,75.90%,31.40%,171900,385700,4143300,5455900
2014,1,South West,All,Any,43.40%,75.50%,32.10%,115000,265300,2484800,3292200
2014,1,West Midlands,All,Any,33%,70.10%,37.10%,81500,246700,2408500,3436400
2014,1,Yorkshire & Humberside,All,Any,36.60%,71.20%,34.60%,103900,284100,2472300,3471000